Model,Accuracy,Fluency,Coherence,TOPSIS Score
GPT-3,0.9,0.88,0.87,1.0
T5,0.85,0.83,0.82,0.6539655267848816
GPT-2,0.8,0.79,0.78,0.34603447321511793
BART,0.78,0.76,0.75,0.17163495555336158
XLNet,0.75,0.74,0.73,0.0
